,precision,recall,f1,score_type
0,0.0,0.0,0.0,strict
1,0.3507575757575757,0.5166666666666666,0.41469893742621017,strict
2,0.25,0.5,0.3333333333333333,strict
3,1.0,0.4633333333333334,0.6285714285714286,strict
4,0.0,0.0,0.0,strict
5,0.0,0.0,0.0,strict
6,0.0,0.0,0.0,lenient
7,0.7287878787878787,1.0,0.8359241768332677,lenient
8,0.5,1.0,0.6666666666666666,lenient
9,1.0,0.4633333333333334,0.6285714285714286,lenient
10,0.0,0.0,0.0,lenient
11,0.6733333333333333,1.0,0.7738095238095238,lenient
