,precision,recall,f1,score_type
0,0.0,0.0,0.0,strict
1,0.20188283938283938,0.6651515151515152,0.30034965034965033,strict
2,0.0,0.0,0.0,strict
3,0.05745735123094555,0.42333333333333334,0.10085750388032941,strict
4,0.0,0.0,0.0,strict
5,0.0,0.0,0.0,strict
6,0.0,0.0,0.0,lenient
7,0.2877414252414252,0.8318181818181819,0.4113053613053613,lenient
8,0.0,0.0,0.0,lenient
9,0.08154321634622243,0.595,0.14298429937900284,lenient
10,0.0,0.0,0.0,lenient
11,0.0,0.0,0.0,lenient
