,entity,precision,recall,f1,score_type
0,NAME,0.0,0.0,0.0,strict
1,ORG,0.0,0.0,0.0,strict
2,LOC,0.0,0.0,0.0,strict
3,DATE,0.0,0.0,0.0,strict
4,AGE,0.0,0.0,0.0,strict
5,NAME,0.7025117636311917,0.7984217523165629,0.7058217367427895,lenient
6,ORG,0.008888888888888889,0.016666666666666666,0.010303030303030303,lenient
7,LOC,0.20230606672511608,0.7622549019607843,0.29809465307553085,lenient
8,DATE,0.0,0.0,0.0,lenient
9,AGE,0.0,0.0,0.0,lenient
