,entity,precision,recall,f1,score_type
0,NAME,0.0,0.0,0.0,strict
1,ORG,0.0,0.0,0.0,strict
2,LOC,0.0,0.0,0.0,strict
3,DATE,0.0,0.0,0.0,strict
4,AGE,0.0,0.0,0.0,strict
5,NAME,0.8963636841929525,0.8992056505128034,0.8826980472298546,lenient
6,ORG,0.6680238095238096,0.7703333333333333,0.6752047952047954,lenient
7,LOC,0.736764705882353,0.8848039215686275,0.7589508530685003,lenient
8,DATE,0.0,0.0,0.0,lenient
9,AGE,0.0,0.0,0.0,lenient
